City_ID,City,Country,Date,Lat,Lng,Max Temp,Humidity,Cloudiness,Wind Speed
0,Olga,RU,2022-01-29 17:41:02,43.7444,135.2892,8.01,55,7,13.47
1,Ribeira Grande,PT,2022-01-29 17:41:02,38.5167,-28.7,63.0,59,40,6.91
2,Bengkulu,ID,2022-01-29 17:40:29,-3.8004,102.2655,76.3,90,95,3.38
3,Yellowknife,CA,2022-01-29 17:41:01,62.456,-114.3525,-6.59,92,100,4.61
4,Xuddur,SO,2022-01-29 17:41:03,4.1213,43.8894,79.47,26,85,10.16
5,Port Hardy,CA,2022-01-29 17:41:03,50.6996,-127.4199,45.75,81,100,19.57
6,Bredasdorp,ZA,2022-01-29 17:41:03,-34.5322,20.0403,70.29,68,0,16.11
7,Torbay,CA,2022-01-29 17:41:04,47.6666,-52.7314,35.28,88,100,18.41
8,Mataura,NZ,2022-01-29 17:41:04,-46.1927,168.8643,53.65,94,99,1.63
9,Jamestown,US,2022-01-29 17:38:41,42.097,-79.2353,17.29,48,0,7.0
10,Koutiala,ML,2022-01-29 17:41:05,12.3917,-5.4642,90.23,10,8,9.01
11,Iqaluit,CA,2022-01-29 17:41:05,63.7506,-68.5145,-9.31,76,90,5.99
12,Kerema,PG,2022-01-29 17:41:06,-7.9631,145.7785,76.46,83,99,2.62
13,Pangnirtung,CA,2022-01-29 17:41:06,66.1451,-65.7125,-16.6,76,100,6.91
14,Novobirilyussy,RU,2022-01-29 17:41:07,56.9514,90.6661,-6.9,97,75,4.16
15,Kavieng,PG,2022-01-29 17:40:33,-2.5744,150.7967,81.3,73,94,3.69
16,Ushuaia,AR,2022-01-29 17:41:07,-54.8,-68.3,56.86,67,75,8.05
17,Lebu,CL,2022-01-29 17:41:08,-37.6167,-73.65,66.02,68,2,11.61
18,Klaksvik,FO,2022-01-29 17:41:08,62.2266,-6.589,36.52,64,69,39.66
19,Havelock,US,2022-01-29 17:41:08,34.8791,-76.9013,37.98,68,90,15.01
20,Albany,US,2022-01-29 17:37:11,42.6001,-73.9662,14.81,69,100,1.01
21,Faya,SA,2022-01-29 17:41:09,18.3851,42.4509,55.51,77,7,5.91
22,Kudahuvadhoo,MV,2022-01-29 17:39:49,2.6708,72.8944,81.18,67,89,7.87
23,Gaoua,BF,2022-01-29 17:41:10,10.2992,-3.2508,89.92,12,45,4.76
24,Mandali,IQ,2022-01-29 17:41:10,33.7499,45.5541,51.37,47,5,6.71
25,Dikson,RU,2022-01-29 17:39:36,73.5069,80.5464,2.5,93,98,21.52
26,Saint-Philippe,RE,2022-01-29 17:41:11,-21.3585,55.7679,80.19,85,68,9.75
27,Chuy,UY,2022-01-29 17:41:11,-33.6971,-53.4616,76.93,53,55,10.31
28,Hofn,IS,2022-01-29 17:33:07,64.2539,-15.2082,27.73,52,0,7.38
29,Bouna,CI,2022-01-29 17:41:12,9.2667,-3.0,89.35,12,42,5.21
30,Atuona,PF,2022-01-29 17:41:12,-9.8,-139.0333,77.14,80,9,13.13
31,Lagoa,PT,2022-01-29 17:41:13,39.05,-27.9833,58.39,75,0,13.98
32,Ancud,CL,2022-01-29 17:41:13,-41.8697,-73.8203,69.33,64,54,11.83
33,Constitucion,CL,2022-01-29 17:41:14,-35.3333,-72.4167,67.95,68,14,11.23
34,Rikitea,PF,2022-01-29 17:40:00,-23.1203,-134.9692,76.84,75,99,9.22
35,Yaan,NG,2022-01-29 17:41:14,7.3833,8.5667,86.31,13,96,7.02
36,Hobart,AU,2022-01-29 17:41:15,-42.8794,147.3294,60.66,73,90,6.91
37,Airai,TL,2022-01-29 17:41:15,-8.9266,125.4092,60.66,90,100,3.44
38,Punta Arenas,CL,2022-01-29 17:40:01,-53.15,-70.9167,57.22,50,75,19.57
39,Kjollefjord,NO,2022-01-29 17:41:15,70.9457,27.3465,22.46,71,80,2.68
40,Zeya,RU,2022-01-29 17:41:16,53.75,127.2667,-3.01,88,100,3.98
41,Bima,ID,2022-01-29 17:41:16,-8.4667,118.7167,76.41,92,100,2.01
42,Ust-Kuyga,RU,2022-01-29 17:41:17,70.0167,135.6,-36.56,100,100,5.03
43,Avarua,CK,2022-01-29 17:38:37,-21.2078,-159.775,75.25,88,50,2.3
44,Kaitangata,NZ,2022-01-29 17:41:17,-46.2817,169.8464,53.91,90,100,1.57
45,Coralville,US,2022-01-29 17:41:18,41.6764,-91.5805,28.53,59,1,11.5
46,Guerrero Negro,MX,2022-01-29 17:40:24,27.9769,-114.0611,67.3,33,3,2.93
47,Yar-Sale,RU,2022-01-29 17:42:18,66.8333,70.8333,-5.87,95,98,8.77
48,Mayumba,GA,2022-01-29 17:42:18,-3.432,10.6554,77.56,86,98,4.74
49,Esperance,AU,2022-01-29 17:42:19,-33.8667,121.9,66.04,72,2,15.95
50,Port Elizabeth,ZA,2022-01-29 17:42:19,-33.918,25.5701,72.1,73,0,11.5
51,Pahrump,US,2022-01-29 17:40:47,36.2083,-115.9839,54.18,15,75,1.05
52,Mazyr,BY,2022-01-29 17:42:20,52.0495,29.2456,21.11,96,98,7.58
53,Butaritari,KI,2022-01-29 17:42:20,3.0707,172.7902,81.66,78,79,18.59
54,Atasu,KZ,2022-01-29 17:42:21,48.6814,71.6433,19.85,96,98,8.12
55,Maunabo,PR,2022-01-29 17:42:21,18.0072,-65.8993,87.66,70,1,6.96
56,Katsuura,JP,2022-01-29 17:42:22,35.1333,140.3,41.14,88,81,11.9
57,Nikolskoye,RU,2022-01-29 17:38:40,59.7035,30.7861,26.87,90,100,11.39
58,Port Lincoln,AU,2022-01-29 17:42:22,-34.7333,135.8667,64.24,86,13,13.27
59,Linxia,CN,2022-01-29 17:42:23,35.6003,103.2064,8.44,84,5,3.29
60,Tiksi,RU,2022-01-29 17:42:23,71.6872,128.8694,-9.0,100,45,2.8
61,Busselton,AU,2022-01-29 17:38:47,-33.65,115.3333,66.09,83,0,16.04
62,San Angelo,US,2022-01-29 17:42:24,31.4638,-100.437,57.54,32,1,1.99
63,Hermanus,ZA,2022-01-29 17:38:53,-34.4187,19.2345,78.91,67,0,17.67
64,Pevek,RU,2022-01-29 17:42:24,69.7008,170.3133,-12.41,98,100,3.98
65,Khilok,RU,2022-01-29 17:42:25,51.3674,110.4676,-15.2,99,54,2.51
66,Georgetown,MY,2022-01-29 17:42:25,5.4112,100.3354,83.89,85,20,1.01
67,Kapaa,US,2022-01-29 17:38:35,22.0752,-159.319,71.92,87,100,16.11
68,Calderitas,MX,2022-01-29 17:42:26,18.55,-88.25,74.05,62,94,13.09
69,Kigoma,TZ,2022-01-29 17:42:26,-4.8769,29.6267,75.56,74,100,3.91
70,Pauini,BR,2022-01-29 17:42:27,-7.7136,-66.9764,74.08,99,100,2.35
71,Sabzevar,IR,2022-01-29 17:42:27,36.2126,57.6819,42.08,39,98,1.32
72,Carnarvon,AU,2022-01-29 17:39:46,-24.8667,113.6333,75.27,88,5,8.05
73,Cidreira,BR,2022-01-29 17:42:28,-30.1811,-50.2056,74.61,57,58,12.64
74,Coihaique,CL,2022-01-29 17:40:03,-45.5752,-72.0662,66.81,42,75,12.66
75,Kruisfontein,ZA,2022-01-29 17:39:33,-34.0033,24.7314,69.89,75,0,9.98
76,Dubbo,AU,2022-01-29 17:38:37,-32.25,148.6167,69.93,88,81,8.05
77,Thompson,CA,2022-01-29 17:42:28,55.7435,-97.8558,-7.44,84,20,2.3
78,Severo-Kurilsk,RU,2022-01-29 17:42:29,50.6789,156.125,23.34,70,98,19.77
79,Champerico,GT,2022-01-29 17:42:29,14.3,-91.9167,89.76,61,0,8.7
80,Hithadhoo,MV,2022-01-29 17:41:24,-0.6,73.0833,81.18,69,100,4.79
81,Neiafu,TO,2022-01-29 17:42:30,-18.65,-173.9833,82.83,70,85,15.23
82,Vaini,TO,2022-01-29 17:42:30,-21.2,-175.2,81.73,78,98,14.79
83,Chandigarh,IN,2022-01-29 17:42:31,30.7343,76.7933,49.01,78,0,7.02
84,Naze,JP,2022-01-29 17:42:31,28.3667,129.4833,55.96,79,99,13.24
85,Ayagoz,KZ,2022-01-29 17:42:31,47.9714,80.4392,-2.72,87,100,1.88
86,Saldanha,ZA,2022-01-29 17:42:32,-33.0117,17.9442,78.85,82,1,24.4
87,The Valley,AI,2022-01-29 17:42:32,18.217,-63.0578,85.86,69,40,11.5
88,Nyagan,RU,2022-01-29 17:42:33,62.1406,65.3936,4.33,93,96,5.73
89,Ugoofaaru,MV,2022-01-29 17:39:41,5.6667,73.0,81.21,77,58,12.41
90,Caravelas,BR,2022-01-29 17:42:33,-17.7125,-39.2481,85.77,61,37,10.98
91,Khatanga,RU,2022-01-29 17:42:33,71.9667,102.5,-3.19,99,100,4.94
92,Fort Frances,CA,2022-01-29 17:42:34,48.5999,-93.4003,16.16,73,100,4.61
93,Tuktoyaktuk,CA,2022-01-29 17:42:34,69.4541,-133.0374,-9.4,77,100,14.97
94,Brae,GB,2022-01-29 17:42:34,60.3964,-1.353,40.91,79,78,47.69
95,Grindavik,IS,2022-01-29 17:42:35,63.8424,-22.4338,36.07,80,75,24.16
96,Mount Gambier,AU,2022-01-29 17:43:35,-37.8333,140.7667,60.71,82,100,9.22
97,Tuyen Quang,VN,2022-01-29 17:43:36,21.8233,105.2181,58.03,87,100,2.66
98,Tasiilaq,GL,2022-01-29 17:43:36,65.6145,-37.6368,17.76,71,52,5.7
99,Qaanaaq,GL,2022-01-29 17:43:37,77.484,-69.3632,-5.06,63,84,9.37
100,Saskylakh,RU,2022-01-29 17:40:11,71.9167,114.0833,-20.83,100,100,3.85
101,Lujiang,CN,2022-01-29 17:43:37,31.2581,117.2817,32.05,92,99,2.66
102,Leningradskiy,RU,2022-01-29 17:43:38,69.3833,178.4167,-5.19,84,75,1.36
103,Cape Town,ZA,2022-01-29 17:38:53,-33.9258,18.4232,72.01,67,20,5.99
104,Beringovskiy,RU,2022-01-29 17:43:38,63.05,179.3167,-10.59,100,100,5.19
105,Ahipara,NZ,2022-01-29 17:43:39,-35.1667,173.1667,58.48,90,94,6.26
106,New Norfolk,AU,2022-01-29 17:43:39,-42.7826,147.0587,60.3,98,30,1.12
107,Victoria,HK,2022-01-29 17:39:16,22.2855,114.1577,63.25,87,89,6.06
108,San Ramon De La Nueva Oran,AR,2022-01-29 17:43:40,-23.1322,-64.326,89.38,37,18,3.13
109,Kaeo,NZ,2022-01-29 17:43:40,-35.1,173.7833,64.33,80,94,7.38
110,Hilo,US,2022-01-29 17:40:48,19.7297,-155.09,68.79,77,0,8.05
111,Castro,BR,2022-01-29 17:41:24,-24.7911,-50.0119,59.76,98,100,5.93
112,Kropotkin,RU,2022-01-29 17:43:41,45.4375,40.5756,33.89,98,97,12.12
113,Ban Nahin,LA,2022-01-29 17:43:41,18.2418,104.2122,75.07,55,96,4.18
114,Los Llanos De Aridane,ES,2022-01-29 17:43:41,28.6585,-17.9182,64.15,74,20,1.01
115,Jipijapa,EC,2022-01-29 17:43:42,-1.3333,-80.5833,76.5,79,100,3.09
116,Turuvekere,IN,2022-01-29 17:43:42,13.1642,76.6667,69.22,73,46,6.71
117,Iracoubo,GF,2022-01-29 17:43:43,5.4802,-53.2011,81.32,68,61,6.69
118,Faanui,PF,2022-01-29 17:43:43,-16.4833,-151.75,80.13,74,14,10.31
119,Mahibadhoo,MV,2022-01-29 17:43:43,3.7833,72.9667,81.77,66,67,9.75
120,Te Anau,NZ,2022-01-29 17:43:44,-45.4167,167.7167,56.01,85,100,3.67
121,Awbari,LY,2022-01-29 17:43:44,26.5921,12.7805,51.46,29,38,6.22
122,Sivaki,RU,2022-01-29 17:43:45,52.6333,126.75,-2.42,87,87,8.97
123,Provideniya,RU,2022-01-29 17:43:45,64.3833,-173.3,2.03,89,9,5.64
124,Medea,DZ,2022-01-29 17:43:46,36.2642,2.7539,45.05,51,0,3.71
125,Fortuna,US,2022-01-29 17:43:46,40.5982,-124.1573,45.52,70,0,8.05
126,Falciu,RO,2022-01-29 17:43:46,46.2961,28.1408,30.18,70,62,2.71
127,Victor Harbor,AU,2022-01-29 17:43:47,-35.5667,138.6167,71.8,83,2,9.95
128,Dunedin,NZ,2022-01-29 17:43:47,-45.8742,170.5036,59.81,83,100,2.86
129,Upernavik,GL,2022-01-29 17:39:12,72.7868,-56.1549,3.54,91,100,3.94
130,Luocheng,CN,2022-01-29 17:43:48,29.3848,104.0286,43.21,81,87,4.92
131,Minot,US,2022-01-29 17:41:07,48.2325,-101.2963,30.42,64,0,26.46
132,Baracoa,CU,2022-01-29 17:43:48,20.3467,-74.4958,78.8,73,13,11.05
133,Tuatapere,NZ,2022-01-29 17:43:49,-46.1333,167.6833,55.44,95,100,4.92
134,Recsk,HU,2022-01-29 17:43:49,47.9333,20.1167,35.19,97,99,10.71
135,Muriae,BR,2022-01-29 17:42:59,-21.1306,-42.3664,88.81,59,73,3.49
136,Davidson,US,2022-01-29 17:43:50,36.1501,-86.7833,30.11,49,20,4.0
137,Cuxhaven,DE,2022-01-29 17:43:50,53.8718,8.6909,47.98,76,75,39.12
138,Puerto Ayora,EC,2022-01-29 17:39:52,-0.7393,-90.3518,82.36,77,74,9.89
139,Puerto Cabezas,NI,2022-01-29 17:43:51,14.0351,-83.3888,85.96,62,75,11.5
140,Jiazi,CN,2022-01-29 17:43:51,22.8779,116.067,59.9,81,88,12.59
141,Byron Bay,AU,2022-01-29 17:43:52,-28.65,153.6167,70.88,90,49,6.24
142,Coquimbo,CL,2022-01-29 17:40:17,-29.9533,-71.3436,69.53,60,20,12.66
143,Noumea,NC,2022-01-29 17:44:52,-22.2763,166.4572,78.01,99,100,3.44
144,Pratapgarh,IN,2022-01-29 17:44:53,24.0333,74.7833,60.06,31,0,1.68
145,Wamba,NG,2022-01-29 17:44:53,8.9333,8.6,81.72,13,78,4.54
146,Arraial Do Cabo,BR,2022-01-29 17:44:13,-22.9661,-42.0278,87.76,70,75,5.75
147,Caldwell,US,2022-01-29 17:40:24,43.6629,-116.6874,22.98,91,100,4.61
148,Bokoro,TD,2022-01-29 17:44:54,12.3807,17.0568,75.06,14,100,10.63
149,Maniitsoq,GL,2022-01-29 17:44:54,65.4167,-52.9,10.49,78,100,24.56
150,Talnakh,RU,2022-01-29 17:44:55,69.4865,88.3972,-0.6,96,100,9.78
151,Antalaha,MG,2022-01-29 17:44:55,-14.9003,50.2788,75.74,85,47,8.05
152,Port Alfred,ZA,2022-01-29 17:44:56,-33.5906,26.891,69.26,74,16,12.1
153,Maumere,ID,2022-01-29 17:44:56,-8.6199,122.2111,79.65,85,100,7.2
154,Kapoeta,SS,2022-01-29 17:44:56,4.7717,33.5903,89.76,20,0,5.79
155,Santiago Del Estero,AR,2022-01-29 17:41:32,-27.7951,-64.2615,88.52,29,0,4.23
156,Broome,US,2022-01-29 17:44:57,42.2506,-75.833,12.56,54,75,1.99
157,Bilma,NE,2022-01-29 17:44:57,18.6853,12.9164,65.19,15,0,10.33
158,Berestechko,UA,2022-01-29 17:44:58,50.3605,25.1107,32.0,80,82,14.52
159,Mount Isa,AU,2022-01-29 17:44:58,-20.7333,139.5,74.97,100,75,6.91
160,Enumclaw,US,2022-01-29 17:44:58,47.2043,-121.9915,41.36,63,99,1.14
161,Varkaus,FI,2022-01-29 17:44:59,62.3153,27.873,24.91,93,100,15.48
162,Bulawayo,ZW,2022-01-29 17:44:59,-20.15,28.5833,64.85,87,85,13.78
163,Vostok,RU,2022-01-29 17:45:00,46.4856,135.8833,-17.66,99,100,3.6
164,San Quintin,MX,2022-01-29 17:42:29,30.4833,-115.95,64.4,32,24,5.73
165,Asyut,EG,2022-01-29 17:45:00,27.181,31.1837,59.18,47,2,7.7
166,Kosino,RU,2022-01-29 17:45:01,58.4127,51.2782,8.76,97,100,5.32
167,Port Hedland,AU,2022-01-29 17:45:01,-20.3167,118.5667,84.25,70,40,12.66
168,Mindelo,CV,2022-01-29 17:40:58,16.8901,-24.9804,72.95,53,75,25.32
169,Luderitz,NA,2022-01-29 17:45:02,-26.6481,15.1594,70.41,73,59,18.03
170,Gazanjyk,TM,2022-01-29 17:45:02,39.2446,55.5154,40.5,72,5,8.97
171,Brownsville,US,2022-01-29 17:43:22,25.9018,-97.4975,60.98,46,100,4.0
172,Saint-Joseph,RE,2022-01-29 17:45:04,-21.3667,55.6167,79.18,84,72,11.1
173,Geraldton,AU,2022-01-29 17:45:04,-28.7667,114.6,70.21,88,0,5.75
174,Hasaki,JP,2022-01-29 17:45:06,35.7333,140.8333,34.2,69,65,14.03
175,Terrak,NO,2022-01-29 17:45:07,65.087,12.3715,37.27,98,100,5.46
176,Palmer,US,2022-01-29 17:43:35,42.1584,-72.3287,18.48,79,100,5.01
177,Mogadishu,SO,2022-01-29 17:43:47,2.0371,45.3438,78.21,79,69,22.77
178,Vardo,NO,2022-01-29 17:45:08,70.3705,31.1107,22.21,75,100,4.88
179,Kieta,PG,2022-01-29 17:42:07,-6.2167,155.6333,78.93,84,100,4.38
180,Roald,NO,2022-01-29 17:45:09,62.5833,6.1333,39.0,87,75,13.8
181,Atyrau,KZ,2022-01-29 17:45:09,47.1167,51.8833,23.02,93,75,13.42
182,Nampula,MZ,2022-01-29 17:45:10,-15.1165,39.2666,78.75,69,40,10.36
183,Jalu,LY,2022-01-29 17:45:10,29.0331,21.5482,55.72,43,3,11.21
184,Chokurdakh,RU,2022-01-29 17:45:10,70.6333,147.9167,-10.14,85,100,3.71
185,Kutum,SD,2022-01-29 17:45:11,14.2,24.6667,59.67,14,5,9.98
186,East London,ZA,2022-01-29 17:44:54,-33.0153,27.9116,72.54,73,40,9.22
187,Cabo San Lucas,MX,2022-01-29 17:43:12,22.8909,-109.9124,77.61,63,1,4.0
188,Bluff,NZ,2022-01-29 17:46:11,-46.6,168.3333,57.52,88,100,7.52
189,Hambantota,LK,2022-01-29 17:46:12,6.1241,81.1185,78.44,81,58,6.4
190,La Ronge,CA,2022-01-29 17:46:13,55.1001,-105.2842,7.05,78,75,4.61
191,Bethel,US,2022-01-29 17:46:13,41.3712,-73.414,18.19,83,100,5.01
192,Nome,US,2022-01-29 17:46:13,64.5011,-165.4064,0.1,59,0,0.0
193,Arona,ES,2022-01-29 17:46:14,28.0996,-16.681,62.33,58,20,4.0
194,Meiganga,CM,2022-01-29 17:46:14,6.5167,14.3,72.45,24,84,6.44
195,Clyde River,CA,2022-01-29 17:46:15,70.4692,-68.5914,-3.77,71,90,19.57
196,Kashi,CN,2022-01-29 17:46:15,39.4547,75.9797,25.81,46,20,8.95
197,Severodvinsk,RU,2022-01-29 17:46:16,64.5635,39.8302,17.71,97,45,8.1
198,Prince Rupert,CA,2022-01-29 17:45:44,54.3161,-130.3201,41.09,87,100,20.71
199,Tadine,NC,2022-01-29 17:46:16,-21.55,167.8833,79.36,91,100,11.3
200,Shu,KZ,2022-01-29 17:46:17,43.5983,73.7614,33.85,75,100,3.98
201,Inuvik,CA,2022-01-29 17:46:17,68.3499,-133.7218,-8.39,76,75,2.3
202,Sola,VU,2022-01-29 17:46:18,-13.8833,167.55,79.05,88,100,23.53
203,San Pedro De Uraba,CO,2022-01-29 17:46:18,8.2752,-76.3764,82.78,77,27,8.63
204,Kochubey,RU,2022-01-29 17:46:18,44.3861,46.5825,36.73,85,98,8.43
205,Mangla,PK,2022-01-29 17:46:19,31.8931,72.3817,53.65,33,0,4.12
206,Codrington,AU,2022-01-29 17:46:19,-38.2667,141.9667,62.8,84,97,5.48
207,Morant Bay,JM,2022-01-29 17:46:20,17.8815,-76.4093,85.62,72,36,1.52
208,Tiarei,PF,2022-01-29 17:46:20,-17.5333,-149.3333,78.82,76,19,13.29
209,Bhadrachalam,IN,2022-01-29 17:46:21,17.6667,80.8833,62.71,37,1,0.76
210,Punta Alta,AR,2022-01-29 17:46:21,-38.8759,-62.0736,91.9,29,1,13.04
211,Verkhnevilyuysk,RU,2022-01-29 17:46:22,63.4453,120.3167,-15.0,98,92,6.06
212,Kpandu,GH,2022-01-29 17:46:22,6.9954,0.2931,84.42,36,81,3.27
213,Saint-Pierre,RE,2022-01-29 17:46:23,-21.3393,55.4781,80.28,69,37,9.22
214,Bathsheba,BB,2022-01-29 17:46:23,13.2167,-59.5167,84.81,76,40,20.71
215,Benito Juarez,MX,2022-01-29 17:46:24,19.385,-99.165,62.83,47,1,5.01
216,Nishihara,JP,2022-01-29 17:46:24,26.1842,127.7558,61.88,94,90,16.11
217,Gazojak,TM,2022-01-29 17:46:25,41.1875,61.4036,31.59,67,1,6.29
218,Kokoda,PG,2022-01-29 17:46:25,-8.8785,147.7407,73.74,94,100,4.21
219,Saint George,US,2022-01-29 17:46:25,37.1041,-113.5841,59.47,40,0,3.44
220,Yinchuan,CN,2022-01-29 17:46:26,38.4681,106.2731,26.01,56,34,5.59
221,Sharjah,AE,2022-01-29 17:46:26,25.3573,55.4033,71.58,60,0,3.44
222,Alice Springs,AU,2022-01-29 17:46:27,-23.7,133.8833,74.75,94,75,12.66
223,Narsaq,GL,2022-01-29 17:46:28,60.9167,-46.05,19.62,93,100,5.28
224,Shelburne,CA,2022-01-29 17:46:05,44.0787,-80.2041,9.59,53,2,4.85
225,Broken Hill,AU,2022-01-29 17:46:28,-31.95,141.4333,74.91,57,99,8.05
226,Laguna,US,2022-01-29 17:46:24,38.421,-121.4238,59.95,82,0,0.0
227,Yanam,IN,2022-01-29 17:46:29,16.7333,82.2167,66.45,80,0,2.01
228,Nalut,LY,2022-01-29 17:46:29,30.3333,10.85,48.79,21,4,9.86
229,Yauco,PR,2022-01-29 17:46:30,18.035,-66.8499,84.92,68,0,5.99
230,Gairatganj,IN,2022-01-29 17:46:31,23.4202,78.2385,57.52,35,0,4.23
231,Bandarbeyla,SO,2022-01-29 17:46:31,9.4942,50.8122,76.6,68,89,23.06
232,San Cristobal,VE,2022-01-29 17:47:32,7.7669,-72.225,78.98,33,10,8.41
233,Kitimat,CA,2022-01-29 17:47:32,54.0524,-128.6534,39.58,32,100,3.62
234,Tura,IN,2022-01-29 17:47:32,25.5198,90.2201,51.8,55,0,1.99
235,Isangel,VU,2022-01-29 17:47:33,-19.55,169.2667,79.23,89,100,15.43
236,Breves,BR,2022-01-29 17:47:30,-1.6822,-50.4803,75.33,92,100,4.52
237,Tilichiki,RU,2022-01-29 17:47:34,60.4667,166.1,20.25,74,98,11.81
238,Orlik,RU,2022-01-29 17:47:34,52.5178,99.825,-24.57,94,22,2.1
239,Kurmanayevka,RU,2022-01-29 17:47:34,52.5093,52.0675,12.15,95,95,6.87
240,Lagunas,PE,2022-01-29 17:47:35,-5.2269,-75.6753,95.41,39,97,7.07
241,Half Moon Bay,US,2022-01-29 17:46:07,37.4636,-122.4286,59.61,76,0,0.0
242,Sept-Iles,CA,2022-01-29 17:47:35,50.2001,-66.3821,4.05,58,100,5.01
243,Kavaratti,IN,2022-01-29 17:47:36,10.5669,72.642,80.98,73,10,6.44
244,San Patricio,US,2022-01-29 17:47:36,28.017,-97.5169,62.19,28,63,3.51
245,Terrace,CA,2022-01-29 17:47:37,54.5163,-128.6035,39.11,93,90,14.97
246,Koumra,TD,2022-01-29 17:47:37,8.9126,17.5539,82.0,15,21,5.35
247,Aldan,RU,2022-01-29 17:47:37,58.6031,125.3894,-13.31,99,100,4.12
248,Bhawanipatna,IN,2022-01-29 17:47:38,19.9,83.1667,57.38,39,1,2.95
249,Porto Novo,BJ,2022-01-29 17:47:38,6.4965,2.6036,87.62,62,88,5.86
250,Nyurba,RU,2022-01-29 17:47:39,63.2842,118.3319,-20.04,99,28,5.26
251,Flinders,AU,2022-01-29 17:47:39,-34.5833,150.8552,75.18,84,100,5.99
252,Sakakah,SA,2022-01-29 17:43:22,29.9697,40.2064,53.17,43,0,9.42
253,Kodiak,US,2022-01-29 17:47:40,57.79,-152.4072,31.51,64,100,29.93
254,Margate,GB,2022-01-29 17:47:40,51.3813,1.3862,53.31,71,60,8.99
255,Aksu,CN,2022-01-29 17:47:41,41.1231,80.2644,27.34,44,100,3.69
256,Plettenberg Bay,ZA,2022-01-29 17:47:41,-34.0527,23.3716,65.12,84,0,9.04
257,Anadyr,RU,2022-01-29 17:47:27,64.75,177.4833,-8.9,84,40,2.24
258,Mercedes,AR,2022-01-29 17:47:42,-34.6515,-59.4307,85.51,28,16,6.69
259,Aguimes,ES,2022-01-29 17:47:42,27.9054,-15.4461,65.66,50,22,16.11
260,Barrow,US,2022-01-29 17:43:58,71.2906,-156.7887,-9.38,70,40,11.5
261,Mamontovo,RU,2022-01-29 17:47:43,52.7055,81.6244,-1.52,92,23,7.47
262,Flin Flon,CA,2022-01-29 17:47:43,54.7682,-101.865,3.04,72,75,6.91
263,Kanye,BW,2022-01-29 17:47:44,-24.9667,25.3327,66.83,84,100,10.13
264,Manokwari,ID,2022-01-29 17:47:44,-0.8667,134.0833,77.31,78,95,4.79
265,Guilin,CN,2022-01-29 17:47:44,25.2819,110.2864,39.31,89,40,5.79
266,Ilulissat,GL,2022-01-29 17:47:45,69.2167,-51.1,12.22,57,40,17.27
267,Kloulklubed,PW,2022-01-29 17:47:45,7.0419,134.2556,77.5,80,94,7.38
268,Willowmore,ZA,2022-01-29 17:47:46,-33.2926,23.4895,76.5,26,0,8.79
269,Kupang,ID,2022-01-29 17:47:46,-10.1667,123.5833,81.18,89,75,4.61
270,Quatre Cocos,MU,2022-01-29 17:47:46,-20.2078,57.7625,80.71,77,43,16.49
271,Cabedelo,BR,2022-01-29 17:47:47,-6.9811,-34.8339,86.67,66,67,9.78
272,Tual,ID,2022-01-29 17:47:47,-5.6667,132.75,82.22,78,100,13.71
273,Sotuta,MX,2022-01-29 17:47:47,20.6,-89.0167,70.5,56,99,8.77
274,Taoudenni,ML,2022-01-29 17:47:48,22.6783,-3.9836,77.58,10,100,16.02
275,Kassala,SD,2022-01-29 17:47:48,15.451,36.4,75.7,41,16,14.27
276,Beyla,GN,2022-01-29 17:47:49,8.6833,-8.6333,90.09,13,11,6.82
277,Roebourne,AU,2022-01-29 17:47:50,-20.7833,117.1333,85.48,57,84,15.9
278,Hagi,JP,2022-01-29 17:48:50,34.4,131.4167,34.86,64,96,6.24
279,Tayu,ID,2022-01-29 17:48:50,-6.5397,111.0518,78.08,88,100,4.0
280,Severnyy,RU,2022-01-29 17:48:51,50.677,36.5532,32.04,100,100,8.95
281,Bilibino,RU,2022-01-29 17:48:51,68.0546,166.4372,-3.95,88,93,2.95
282,Honningsvag,NO,2022-01-29 17:48:51,70.9821,25.9704,30.65,75,89,10.63
283,Bocas Del Toro,PA,2022-01-29 17:48:52,9.3333,-82.25,85.08,72,97,10.0
284,Moron,AR,2022-01-29 17:48:52,-34.6534,-58.6198,83.95,53,5,7.45
285,Daru,PG,2022-01-29 17:48:53,-9.0763,143.2092,77.23,89,100,8.37
286,Khani,GE,2022-01-29 17:48:53,41.9563,42.9566,26.17,85,83,5.68
287,Nizwa,OM,2022-01-29 17:48:54,22.9333,57.5333,72.05,33,16,0.89
288,Arcachon,FR,2022-01-29 17:48:54,44.5875,-1.0519,37.72,93,90,5.75
289,Taitung,TW,2022-01-29 17:48:54,22.7583,121.1444,65.55,87,85,12.21
290,Bend,US,2022-01-29 17:48:13,44.0582,-121.3153,39.81,55,0,5.75
291,Monterey,US,2022-01-29 17:48:55,36.2505,-121.2516,50.2,37,100,1.28
292,Colares,PT,2022-01-29 17:48:55,38.7992,-9.4469,64.08,37,0,5.01
293,Tariba,VE,2022-01-29 17:48:56,7.8188,-72.2243,79.36,37,9,7.92
294,Mossendjo,CG,2022-01-29 17:48:56,-2.9506,12.7261,72.84,93,93,3.62
295,Nhulunbuy,AU,2022-01-29 17:48:57,-12.2333,136.7667,79.41,89,100,12.66
296,Hualmay,PE,2022-01-29 17:48:57,-11.0964,-77.6139,75.43,70,89,11.43
297,Scottsbluff,US,2022-01-29 17:48:57,41.8666,-103.6672,53.82,21,0,11.99
298,Wanning,CN,2022-01-29 17:48:58,18.8003,110.3967,65.59,89,83,11.39
299,Pisco,PE,2022-01-29 17:44:59,-13.7,-76.2167,75.02,73,40,9.22
300,Pinawa,CA,2022-01-29 17:48:59,50.1489,-95.8811,14.11,87,100,3.87
301,Nanortalik,GL,2022-01-29 17:47:06,60.1432,-45.2371,20.75,80,100,14.34
302,Tamiahua,MX,2022-01-29 17:48:59,21.2667,-97.45,56.21,71,100,11.34
303,Mecca,SA,2022-01-29 17:49:00,21.4267,39.8261,66.9,57,57,11.45
304,Bambous Virieux,MU,2022-01-29 17:49:00,-20.3428,57.7575,80.85,83,40,11.5
305,Monze,ZM,2022-01-29 17:49:00,-16.2833,27.4833,66.31,95,89,3.31
306,Namibe,AO,2022-01-29 17:49:01,-15.1961,12.1522,72.12,75,90,9.22
307,Oriximina,BR,2022-01-29 17:49:01,-1.7656,-55.8661,78.12,89,100,5.21
308,Pacific Grove,US,2022-01-29 17:47:20,36.6177,-121.9166,61.81,60,1,1.01
309,Cooma,AU,2022-01-29 17:49:02,-36.2333,149.1333,64.17,100,100,0.0
310,Ponta Do Sol,PT,2022-01-29 17:47:38,32.6667,-17.1,67.71,64,16,4.23
311,Hun,LY,2022-01-29 17:49:03,29.1268,15.9477,51.64,24,22,9.48
312,Alghero,IT,2022-01-29 17:49:03,40.5589,8.3181,50.09,76,0,4.61
313,Karlskoga,SE,2022-01-29 17:49:04,59.3267,14.5239,44.51,85,100,18.45
314,Soe,ID,2022-01-29 17:49:04,-9.8607,124.284,67.6,88,100,5.68
315,Novodugino,RU,2022-01-29 17:49:04,55.6305,34.2842,21.22,95,99,3.89
316,Calvinia,ZA,2022-01-29 17:49:05,-31.4707,19.776,86.04,16,0,11.43
317,Dingle,PH,2022-01-29 17:49:05,10.9995,122.6711,75.31,90,22,2.08
318,Balabac,PH,2022-01-29 17:49:06,7.9868,117.0645,79.39,78,25,2.21
319,Barberton,ZA,2022-01-29 17:47:53,-25.7884,31.0532,68.05,92,97,2.06
320,Bairiki,KI,2022-01-29 17:49:06,1.3292,172.9752,80.6,89,40,11.5
321,Sambava,MG,2022-01-29 17:49:07,-14.2667,50.1667,78.64,82,18,11.21
322,Mahebourg,MU,2022-01-29 17:49:07,-20.4081,57.7,80.89,83,40,11.5
323,Puerto Penasco,MX,2022-01-29 17:50:07,31.3167,-113.5333,61.92,27,35,4.14
324,Richards Bay,ZA,2022-01-29 17:50:08,-28.783,32.0377,72.3,88,32,5.82
325,Bure,ET,2022-01-29 17:50:08,10.7,37.0667,67.14,47,61,6.02
326,Pochutla,MX,2022-01-29 17:50:09,15.7432,-96.4661,87.82,43,0,9.08
327,Vestmanna,FO,2022-01-29 17:50:09,62.1564,-7.1664,34.72,64,75,32.21
328,Touros,BR,2022-01-29 17:49:42,-5.1989,-35.4608,86.9,67,89,10.87
329,Bubaque,GW,2022-01-29 17:50:10,11.2833,-15.8333,78.37,70,41,20.85
330,Calmeca,MX,2022-01-29 17:50:10,18.6333,-98.6333,73.8,35,4,5.46
331,Alto Araguaia,BR,2022-01-29 17:50:11,-17.3147,-53.2153,75.92,81,100,9.22
332,Nakhon Phanom,TH,2022-01-29 17:50:11,17.3333,104.4167,78.87,43,63,5.19
333,Sitka,US,2022-01-29 17:50:12,57.0531,-135.33,39.09,87,100,4.61
334,Sabha,LY,2022-01-29 17:50:12,27.0377,14.4283,51.28,27,30,5.1
335,Northam,GB,2022-01-29 17:50:12,51.0333,-4.2167,52.02,89,72,13.94
336,Sayansk,RU,2022-01-29 17:50:13,54.1088,102.1648,-21.19,100,77,1.52
337,San Jose,US,2022-01-29 17:49:54,37.3394,-121.895,60.26,45,0,0.0
338,Saint-Georges,GD,2022-01-29 17:49:40,12.0564,-61.7485,85.68,58,20,16.11
339,Mayma,RU,2022-01-29 17:50:14,52.0197,85.9114,0.88,89,7,5.53
340,Rio Gallegos,AR,2022-01-29 17:49:33,-51.6226,-69.2181,68.05,34,75,14.97
341,Batagay-Alyta,RU,2022-01-29 17:50:14,67.8006,130.4114,-18.92,95,67,5.41
342,Tabou,CI,2022-01-29 17:50:15,4.423,-7.3528,82.92,74,60,7.29
343,Sabinas,MX,2022-01-29 17:49:59,27.85,-101.1167,57.22,28,58,8.86
344,Lorengau,PG,2022-01-29 17:50:15,-2.0226,147.2712,79.74,83,100,11.01
345,Quballat,TN,2022-01-29 17:50:16,36.5418,9.6633,51.48,90,31,6.06
346,Axim,GH,2022-01-29 17:50:16,4.8699,-2.2405,82.4,69,92,10.76
347,Abalak,RU,2022-01-29 17:50:17,58.1286,68.5944,7.99,96,100,4.94
348,Imbituba,BR,2022-01-29 17:50:17,-28.24,-48.6703,77.83,76,98,9.98
349,Longyearbyen,SJ,2022-01-29 17:50:17,78.2186,15.6401,8.44,66,20,17.27
350,Finnsnes,NO,2022-01-29 17:50:18,69.2296,17.9811,21.81,87,100,6.2
351,Cockburn Town,TC,2022-01-29 17:45:54,21.4612,-71.1419,80.56,69,40,11.9
352,Oktyabrskoye,RU,2022-01-29 17:50:18,43.0645,44.7417,23.14,85,19,6.71
353,Ust-Tsilma,RU,2022-01-29 17:50:19,65.441,52.1498,16.36,92,100,9.51
354,Husavik,IS,2022-01-29 17:50:19,66.0449,-17.3389,26.51,75,21,16.69
355,Muroto,JP,2022-01-29 17:49:47,33.2833,134.15,49.62,62,79,6.58
356,Fukue,JP,2022-01-29 17:50:20,32.6881,128.8419,47.23,52,99,12.57
357,Mar Del Plata,AR,2022-01-29 17:49:00,-38.0023,-57.5575,71.87,83,0,18.99
358,Shirgaon,IN,2022-01-29 17:50:20,19.7,72.7,70.43,55,0,6.8
359,Chapais,CA,2022-01-29 17:47:47,49.7834,-74.8492,-6.02,76,21,4.0
360,Trairi,BR,2022-01-29 17:47:51,-3.2778,-39.2689,84.69,56,89,9.98
361,Mwaro,BI,2022-01-29 17:50:21,-3.5,29.6667,62.8,81,90,1.19
362,Gat,IL,2022-01-29 17:50:21,31.61,34.7642,51.4,80,27,3.02
363,Namatanai,PG,2022-01-29 17:50:22,-3.6667,152.4333,79.03,83,95,4.36
364,Almaznyy,RU,2022-01-29 17:50:22,48.0448,40.045,32.14,93,100,14.74
365,Vodnyy,RU,2022-01-29 17:50:23,63.5046,53.4095,15.33,92,100,8.99
366,Bargarh,IN,2022-01-29 17:50:23,21.3333,83.6167,59.4,31,11,3.94
367,Lithgow,AU,2022-01-29 17:50:23,-33.4833,150.15,61.86,97,98,5.03
368,Yoichi,JP,2022-01-29 17:50:24,43.2039,140.7703,19.85,72,100,19.98
369,Kangaatsiaq,GL,2022-01-29 17:51:24,68.3065,-53.4641,6.67,91,98,9.95
370,Nouadhibou,MR,2022-01-29 17:51:24,20.931,-17.0347,67.98,68,97,17.27
371,Pandan,PH,2022-01-29 17:51:25,14.0453,124.1694,76.95,90,86,4.25
372,Bani Walid,LY,2022-01-29 17:51:25,31.7566,13.9942,51.82,75,1,17.98
373,Norman Wells,CA,2022-01-29 17:47:51,65.282,-126.8329,-30.96,68,40,4.61
374,Yuzhnyy,RU,2022-01-29 17:51:26,53.2542,83.6936,5.38,78,78,6.71
375,Klisura,BG,2022-01-29 17:51:26,42.7,24.45,30.6,92,42,3.83
376,Bayonet Point,US,2022-01-29 17:51:26,28.3267,-82.6834,53.58,60,6,8.01
377,Morristown,US,2022-01-29 17:47:11,36.214,-83.2949,28.22,45,0,4.61
378,Berlevag,NO,2022-01-29 17:51:27,70.8578,29.0864,26.64,78,99,5.97
379,Hamilton,US,2022-01-29 17:48:49,39.1834,-84.5333,24.64,64,20,1.99
380,Bamenda,CM,2022-01-29 17:51:27,5.9527,10.1582,70.99,25,97,3.27
381,Puerto Madryn,AR,2022-01-29 17:51:28,-42.7692,-65.0385,83.17,34,16,7.67
382,Sur,OM,2022-01-29 17:51:28,22.5667,59.5289,71.53,56,6,0.83
383,Galveston,US,2022-01-29 17:51:29,29.3669,-94.9669,60.22,47,0,1.99
384,Port Blair,IN,2022-01-29 17:49:15,11.6667,92.75,78.84,83,75,2.3
385,Sao Joao Da Barra,BR,2022-01-29 17:49:22,-21.6403,-41.0511,89.69,81,43,16.13
386,San Rafael,AR,2022-01-29 17:47:09,-34.6177,-68.3301,90.5,25,0,14.0
387,Kahului,US,2022-01-29 17:49:37,20.8947,-156.47,71.62,68,20,11.5
388,Mehamn,NO,2022-01-29 17:51:30,71.0357,27.8492,21.33,82,99,8.9
389,Kurchum,KZ,2022-01-29 17:51:30,48.5722,83.6542,-5.1,86,100,2.24
390,Kiama,AU,2022-01-29 17:51:30,-34.6833,150.8667,75.38,85,100,5.01
391,Stargard Szczecinski,PL,2022-01-29 17:51:31,53.3367,15.0499,48.47,83,100,14.0
392,Poum,NC,2022-01-29 17:49:32,-20.2333,164.0167,80.62,80,43,9.35
393,Elizabeth City,US,2022-01-29 17:51:31,36.2946,-76.2511,32.2,83,100,8.99
394,Ambilobe,MG,2022-01-29 17:51:32,-13.2,49.05,74.17,94,85,1.63
395,Pasni,PK,2022-01-29 17:51:32,25.2631,63.471,71.02,79,0,12.03
396,Matagami,CA,2022-01-29 17:47:36,49.7502,-77.6328,1.51,71,100,9.22
397,Olafsvik,IS,2022-01-29 17:51:33,64.8945,-23.7142,38.77,66,98,30.13
398,Bitung,ID,2022-01-29 17:51:33,1.4451,125.1824,77.85,84,72,6.04
399,Tezu,IN,2022-01-29 17:49:26,27.9167,96.1667,52.72,51,5,4.16
400,Kurumkan,RU,2022-01-29 17:51:34,54.3,110.3,-16.2,91,36,3.74
401,Rafai,CF,2022-01-29 17:51:34,4.95,23.9167,77.67,20,11,3.87
402,Urumqi,CN,2022-01-29 17:51:34,43.801,87.6005,-4.85,84,75,2.24
403,Gornozavodsk,RU,2022-01-29 17:51:35,58.3758,58.3211,2.07,98,100,3.29
404,Tautira,PF,2022-01-29 17:51:35,-17.7333,-149.15,78.82,76,72,15.28
405,Merauke,ID,2022-01-29 17:51:36,-8.4667,140.3333,80.13,80,100,6.91
406,Impfondo,CG,2022-01-29 17:51:36,1.6381,18.0667,82.02,25,42,2.46
407,Alta Floresta,BR,2022-01-29 17:51:36,-9.8756,-56.0861,85.82,70,40,6.91
408,Yamunanagar,IN,2022-01-29 17:51:37,30.1,77.2833,48.34,81,0,6.85
409,Portland,US,2022-01-29 17:51:06,45.5234,-122.6762,43.11,70,20,3.0
410,Rabo De Peixe,PT,2022-01-29 17:51:37,37.8,-25.5833,63.28,88,20,10.36
411,Balikpapan,ID,2022-01-29 17:51:38,-1.2675,116.8289,77.99,83,40,2.3
412,Taber,CA,2022-01-29 17:51:38,49.8167,-112.1518,41.85,34,91,10.36
413,Grand Gaube,MU,2022-01-29 17:51:38,-20.0064,57.6608,81.0,75,16,5.01
414,Road Town,VG,2022-01-29 17:48:31,18.4167,-64.6167,82.44,61,20,8.05
415,Eidsvag,NO,2022-01-29 17:51:39,62.7767,8.0668,36.25,95,100,8.03
416,Alexandria,EG,2022-01-29 17:49:42,31.2156,29.9553,55.94,71,40,6.91
417,Komsomolskiy,UZ,2022-01-29 17:52:40,40.4272,71.7189,36.32,87,75,0.0
418,Valdivia,CL,2022-01-29 17:52:40,-39.8142,-73.2459,68.09,47,4,8.5
419,Kumluca,TR,2022-01-29 17:52:40,36.3703,30.2869,48.67,63,100,7.4
420,Jaguarao,BR,2022-01-29 17:52:41,-32.5661,-53.3758,81.97,39,20,15.64
421,Amli,IN,2022-01-29 17:52:41,20.2833,73.0167,67.91,40,1,2.95
422,Le Port,RE,2022-01-29 17:52:41,-20.9373,55.2919,80.6,84,78,2.17
423,Buraydah,SA,2022-01-29 17:47:43,26.326,43.975,59.45,30,0,20.04
424,Garowe,SO,2022-01-29 17:52:42,8.4054,48.4845,73.29,50,100,20.62
425,Hervey Bay,AU,2022-01-29 17:52:32,-25.2986,152.8535,75.02,92,27,8.01
426,Bako,ET,2022-01-29 17:52:43,5.7833,36.5667,71.89,34,30,3.15
427,Huilong,CN,2022-01-29 17:52:43,31.8111,121.655,38.03,95,100,10.8
428,Utete,TZ,2022-01-29 17:52:43,-7.986,38.758,73.26,99,100,4.72
429,Khonsa,IN,2022-01-29 17:52:44,27.0167,95.5667,45.23,82,0,3.71
430,Arrecife,ES,2022-01-29 17:52:44,28.963,-13.5477,66.18,55,0,14.97
431,Shirak,AM,2022-01-29 17:52:44,40.8404,43.9158,1.72,78,45,3.44
432,Yuzhou,CN,2022-01-29 17:52:45,34.1628,113.4639,25.07,89,28,2.57
433,Bainbridge,US,2022-01-29 17:49:28,47.6262,-122.5212,43.81,77,100,1.99
434,Ayan,RU,2022-01-29 17:52:29,56.45,138.1667,0.84,81,100,17.98
435,Ha Tinh,VN,2022-01-29 17:52:46,18.3333,105.9,68.41,95,100,10.89
436,Evensk,RU,2022-01-29 17:49:18,61.95,159.2333,21.2,81,100,15.32
437,Mbanza-Ngungu,CD,2022-01-29 17:52:46,-5.25,14.8667,71.98,83,92,1.74
438,Sorland,NO,2022-01-29 17:52:46,67.667,12.6934,31.35,89,100,19.08
439,Vila Velha,BR,2022-01-29 17:49:09,-20.3297,-40.2925,89.55,65,20,13.0
440,Saint-Ambroise,CA,2022-01-29 17:52:47,48.5501,-71.3324,-1.66,70,93,1.14
441,Chimoio,MZ,2022-01-29 17:52:47,-19.1164,33.4833,75.06,88,75,9.22
442,Pitsunda,GE,2022-01-29 17:52:48,43.1592,40.3378,39.38,72,100,7.58
443,Ust-Maya,RU,2022-01-29 17:52:48,60.4167,134.5333,-33.47,100,94,0.38
444,Labytnangi,RU,2022-01-29 17:52:49,66.6572,66.4183,-16.78,100,99,2.51
445,Cuamba,MZ,2022-01-29 17:52:49,-14.8031,36.5372,69.21,95,15,2.17
446,Novo Oriente,BR,2022-01-29 17:52:49,-5.5344,-40.7742,82.72,54,100,3.04
447,Wellington,NZ,2022-01-29 17:50:39,-41.2866,174.7756,64.06,83,75,3.0
448,Aykhal,RU,2022-01-29 17:52:50,66.0,111.5,-19.7,99,19,4.68
449,Salcininkai,LT,2022-01-29 17:52:50,54.3,25.3833,30.29,96,100,19.8
450,Atar,MR,2022-01-29 17:49:11,20.5169,-13.0499,83.16,14,100,5.88
451,Salinopolis,BR,2022-01-29 17:52:34,-0.6136,-47.3561,75.92,90,100,5.01
452,Russkaya Polyana,UA,2022-01-29 17:52:51,49.417,31.9201,28.2,88,100,11.03
453,Peniche,PT,2022-01-29 17:48:21,39.3558,-9.3811,62.62,54,3,6.53
454,Nuuk,GL,2022-01-29 17:52:51,64.1835,-51.7216,13.87,85,100,17.0
455,Talara,PE,2022-01-29 17:50:40,-4.5772,-81.2719,81.36,57,0,11.5
456,Umm Kaddadah,SD,2022-01-29 17:52:52,13.6017,26.6876,61.0,15,52,12.46
457,Teguise,ES,2022-01-29 17:52:52,29.0605,-13.564,62.82,55,0,14.97
458,Nabire,ID,2022-01-29 17:52:53,-3.3667,135.4833,75.31,90,96,3.24
459,Nemuro,JP,2022-01-29 17:52:53,43.3236,145.575,19.71,78,84,13.47
460,Gangarampur,IN,2022-01-29 17:52:53,25.4,88.5167,57.42,49,0,6.73
461,Uyaan,PH,2022-01-29 17:52:54,7.8631,124.0411,63.34,95,45,2.33
462,Muros,ES,2022-01-29 17:52:54,42.7762,-9.0603,63.1,61,3,3.02
463,Sao Jose Da Coroa Grande,BR,2022-01-29 17:52:54,-8.8978,-35.1478,82.36,70,91,12.28
464,Glenwood Springs,US,2022-01-29 17:53:55,39.5505,-107.3248,45.63,12,0,3.0
465,Tomatlan,MX,2022-01-29 17:53:55,19.9333,-105.25,86.86,33,0,5.93
466,Balkhash,KZ,2022-01-29 17:53:56,46.844,74.9804,28.4,97,100,13.09
467,Santa Cruz,BO,2022-01-29 17:49:42,-17.8,-63.1667,91.45,38,40,16.11
468,Pemberton,CA,2022-01-29 17:53:56,50.3164,-122.8027,28.09,88,100,1.21
469,Karachi,PK,2022-01-29 17:52:10,24.9056,67.0822,66.02,77,1,3.44
470,Tukrah,LY,2022-01-29 17:53:57,32.5341,20.5791,53.8,65,90,28.05
471,Bagdarin,RU,2022-01-29 17:53:57,54.4333,113.6,-14.62,95,11,4.12
472,Shimoda,JP,2022-01-29 17:49:20,34.6667,138.95,40.1,64,37,6.73
473,Porto Franco,BR,2022-01-29 17:53:58,-6.3383,-47.3992,82.22,63,70,10.89
474,Luang Prabang,LA,2022-01-29 17:53:58,19.8856,102.1347,63.14,65,10,0.83
475,Ngunguru,NZ,2022-01-29 17:53:58,-35.6167,174.5,64.17,73,16,10.8
476,Ketchikan,US,2022-01-29 17:53:59,55.3422,-131.6461,44.58,94,100,17.85
477,Waingapu,ID,2022-01-29 17:53:59,-9.6567,120.2641,78.93,85,100,7.81
478,Bonavista,CA,2022-01-29 17:53:59,48.6499,-53.1147,35.11,84,100,13.24
479,Mitchell,US,2022-01-29 17:52:07,43.7094,-98.0298,45.1,40,0,7.0
480,Safaga,EG,2022-01-29 17:54:00,26.7292,33.9365,62.55,50,0,13.94
481,Faro,PT,2022-01-29 17:54:00,37.0194,-7.9322,60.58,48,0,6.91
482,Truth Or Consequences,US,2022-01-29 17:54:01,33.1284,-107.2528,42.91,37,67,3.4
483,Butajira,ET,2022-01-29 17:54:01,8.1167,38.3667,60.66,44,21,9.33
484,Yumen,CN,2022-01-29 17:54:01,40.2833,97.2,16.56,55,0,3.09
485,Kenora,CA,2022-01-29 17:54:02,49.8167,-94.4337,12.18,85,100,4.61
486,Senneterre,CA,2022-01-29 17:54:02,48.3835,-77.2328,-1.98,72,4,1.86
487,High Level,CA,2022-01-29 17:54:02,58.5169,-117.136,12.31,85,100,2.3
488,Dudinka,RU,2022-01-29 17:54:03,69.4058,86.1778,0.61,94,100,14.65
489,Kalmunai,LK,2022-01-29 17:54:03,7.4167,81.8167,77.94,82,16,3.13
490,Itambe,BR,2022-01-29 17:54:03,-15.245,-40.6244,82.94,68,31,4.43
491,Corinto,GR,2022-01-29 17:54:04,37.9407,22.9573,46.76,81,100,1.99
492,Zhigansk,RU,2022-01-29 17:54:04,66.7697,123.3711,-24.93,100,99,5.01
493,Astoria,US,2022-01-29 17:54:04,46.1879,-123.8313,48.85,85,0,0.0
494,Vilyuysk,RU,2022-01-29 17:54:05,63.7553,121.6247,-12.19,99,100,5.82
495,Souillac,MU,2022-01-29 17:54:05,-20.5167,57.5167,80.98,83,40,11.5
496,Wonthaggi,AU,2022-01-29 17:54:06,-38.6044,145.5913,67.68,90,91,14.5
497,Tessalit,ML,2022-01-29 17:54:06,20.1986,1.0114,75.27,10,74,11.45
498,Delfzijl,NL,2022-01-29 17:54:06,53.33,6.9181,49.24,79,86,17.0
499,Mumford,GH,2022-01-29 17:54:07,5.2618,-0.759,81.01,79,50,11.03
500,Oytal,KZ,2022-01-29 17:54:07,42.9057,73.2697,32.52,93,82,4.36
501,Aksarayskiy,RU,2022-01-29 17:54:07,46.7924,48.0119,30.15,86,100,7.27
502,Omboue,GA,2022-01-29 17:54:08,-1.5746,9.2618,78.67,83,97,6.55
503,Muncar,ID,2022-01-29 17:54:08,-8.4333,114.3333,77.32,90,100,4.43
504,Kamaishi,JP,2022-01-29 17:54:08,39.2667,141.8833,28.33,65,21,11.3
505,Nufaru,RO,2022-01-29 17:54:09,45.15,28.9167,36.46,65,0,2.3
506,Sao Filipe,CV,2022-01-29 17:54:09,14.8961,-24.4956,71.08,71,100,10.09
507,Gasa,PS,2022-01-29 17:54:10,31.5,34.4667,51.91,70,5,1.5
508,Staryy Cherek,RU,2022-01-29 17:54:10,43.4714,43.8469,32.56,74,40,4.47
509,Lata,PT,2022-01-29 17:49:25,40.1629,-8.3327,64.81,47,0,4.5
510,Longa,CD,2022-01-29 17:54:11,2.8447,24.6776,77.02,29,27,3.4
511,Bo Phloi,TH,2022-01-29 17:54:11,14.3236,99.5161,75.61,64,35,4.85
512,Pekalongan,ID,2022-01-29 17:54:12,-6.8886,109.6753,78.3,86,100,5.55
513,Janauba,BR,2022-01-29 17:55:12,-15.8025,-43.3089,82.56,60,100,5.82
514,La Paz,BO,2022-01-29 17:50:18,-16.5,-68.15,57.18,62,75,9.22
515,Mandera,KE,2022-01-29 17:55:12,3.9366,41.867,85.69,20,2,10.09
516,Kafanchan,NG,2022-01-29 17:55:13,9.5833,8.3,76.71,14,93,9.62
517,Oktyabrskiy,RU,2022-01-29 17:55:13,54.4815,53.471,10.58,92,94,4.79
518,Kuusamo,FI,2022-01-29 17:55:14,65.9667,29.1833,15.84,92,100,5.75
519,Castanos,MX,2022-01-29 17:55:14,26.7833,-101.4167,51.35,48,48,3.71
520,Ahuimanu,US,2022-01-29 17:55:14,21.4447,-157.8378,74.46,74,40,1.99
521,Oussouye,SN,2022-01-29 17:55:15,12.485,-16.5469,95.18,43,77,16.51
522,Cap Malheureux,MU,2022-01-29 17:55:15,-19.9842,57.6142,81.09,75,14,5.01
523,Ostrovnoy,RU,2022-01-29 17:55:16,68.0531,39.5131,11.05,91,60,14.09
524,Bardiyah,LY,2022-01-29 17:55:16,31.7561,25.0865,56.8,59,18,16.53
525,Aden,YE,2022-01-29 17:50:29,12.7794,45.0367,77.14,69,92,9.37
526,Camacha,PT,2022-01-29 17:55:16,33.0833,-16.3333,63.54,68,0,10.36
527,Poronaysk,RU,2022-01-29 17:55:17,49.2167,143.1167,-0.29,85,100,6.91
528,Karad,IN,2022-01-29 17:55:18,17.2833,74.2,66.07,35,1,2.15
529,Mfou,CM,2022-01-29 17:55:18,3.7159,11.6427,84.06,34,99,2.3
530,Sarangani,PH,2022-01-29 17:55:18,5.4033,125.4636,81.09,75,48,5.97
531,Brownwood,US,2022-01-29 17:55:19,31.7093,-98.9912,60.8,23,0,12.66
532,Avera,US,2022-01-29 17:55:19,33.194,-82.5271,41.92,24,2,16.15
533,Tazovskiy,RU,2022-01-29 17:55:20,67.4667,78.7,-16.98,100,78,5.73
534,Borba,BR,2022-01-29 17:55:20,-4.3878,-59.5939,77.27,95,100,1.68
535,Acarau,BR,2022-01-29 17:55:20,-2.8856,-40.12,84.6,61,98,12.62
536,Fairbanks,US,2022-01-29 17:52:14,64.8378,-147.7164,-9.44,71,0,3.44
537,Sorong,ID,2022-01-29 17:55:21,-0.8833,131.25,80.13,81,79,9.13
538,Egvekinot,RU,2022-01-29 17:55:21,66.3167,-179.1667,-4.36,67,81,3.6
539,Villazon,BO,2022-01-29 17:55:22,-22.0866,-65.5942,62.38,51,71,11.59
540,Rock Sound,BS,2022-01-29 17:55:22,24.9,-76.2,65.43,65,67,29.04
541,Viedma,AR,2022-01-29 17:55:22,-40.8135,-62.9967,97.32,23,3,11.86
542,Lompoc,US,2022-01-29 17:53:20,34.6391,-120.4579,65.12,57,0,8.05
543,Jacqueville,CI,2022-01-29 17:55:23,5.2052,-4.4146,85.91,81,87,11.03
544,Belmonte,BR,2022-01-29 17:55:23,-15.8631,-38.8828,81.1,65,56,11.27
545,Moose Factory,CA,2022-01-29 17:54:07,51.2585,-80.6094,-2.2,65,0,3.44
546,Jimo,CN,2022-01-29 17:55:24,36.3897,120.4622,24.58,54,0,2.24
547,Urubicha,BO,2022-01-29 17:55:24,-15.3833,-62.95,80.47,75,98,2.68
548,Progreso,MX,2022-01-29 17:55:25,21.2833,-89.6667,73.11,53,96,16.4
549,Salamiyah,SY,2022-01-29 17:55:25,35.0113,37.0532,41.36,80,35,7.4
550,Sabla,NG,2022-01-29 17:55:25,12.7525,4.7077,78.67,12,0,10.29
551,Tianpeng,CN,2022-01-29 17:55:26,30.9866,103.9393,43.27,88,100,2.06
552,Amuntai,ID,2022-01-29 17:55:26,-2.4177,115.2494,73.17,92,87,1.1
553,Karratha,AU,2022-01-29 17:51:59,-20.7377,116.8463,84.0,61,92,14.94
554,Roseburg,US,2022-01-29 17:52:07,43.2165,-123.3417,57.69,100,100,3.44
555,Dawson Creek,CA,2022-01-29 17:56:27,55.7666,-120.2362,33.76,69,75,8.05
556,Ram Das,IN,2022-01-29 17:56:27,31.9661,74.9047,53.38,63,0,4.09
557,Vanimo,PG,2022-01-29 17:56:28,-2.6741,141.3028,76.91,87,100,5.1
558,Eureka,US,2022-01-29 17:52:54,40.8021,-124.1637,50.25,80,16,5.93
